,gen,enemy,best,mean,solution
0,1.0,1.0,36.0,4.32,0
1,1.0,2.0,91.2,27.823999999999998,0
2,1.0,5.0,94.72000000000006,36.396800000000084,0
3,1.0,7.0,48.0,10.08,0
4,2.0,1.0,36.0,4.56,0
5,2.0,2.0,91.2,38.864000000000004,0
6,2.0,5.0,94.72000000000006,51.244800000000104,0
7,2.0,7.0,63.520000000000095,20.300800000000002,0
8,3.0,1.0,36.0,6.48,0
9,3.0,2.0,91.2,30.031999999999996,0
10,3.0,5.0,94.72000000000006,54.8640000000001,0
11,3.0,7.0,67.3600000000001,24.054400000000005,0
12,4.0,1.0,42.0,7.68,0
13,4.0,2.0,91.2,37.008,0
14,4.0,5.0,96.40000000000003,50.80320000000007,0
15,4.0,7.0,68.8000000000001,22.432000000000002,0
16,5.0,1.0,48.0,17.77777777777778,0
17,5.0,2.0,91.2,37.74814814814815,0
18,5.0,5.0,96.40000000000003,61.39555555555566,0
19,5.0,7.0,69.2800000000001,30.16000000000001,0
20,6.0,1.0,48.0,25.555555555555557,0
21,6.0,2.0,91.2,36.94814814814815,0
22,6.0,5.0,96.40000000000003,59.08444444444454,0
23,6.0,7.0,69.2800000000001,39.65333333333334,0
24,7.0,1.0,48.0,22.88888888888889,0
25,7.0,2.0,91.2,40.088888888888896,0
26,7.0,5.0,96.40000000000003,59.56444444444452,0
27,7.0,7.0,69.2800000000001,38.180740740740745,0
28,8.0,1.0,48.0,24.22222222222222,0
29,8.0,2.0,91.2,54.859259259259254,0
30,8.0,5.0,96.88000000000002,56.26074074074084,0
31,8.0,7.0,76.96000000000012,45.07259259259259,0
32,9.0,1.0,48.0,23.11111111111111,0
33,9.0,2.0,92.80000000000001,55.333333333333336,0
34,9.0,5.0,96.88000000000002,59.45777777777786,0
35,9.0,7.0,96.40000000000003,39.34814814814815,0
36,10.0,1.0,48.0,21.310344827586206,0
37,10.0,2.0,92.80000000000001,45.90344827586207,0
38,10.0,5.0,96.88000000000002,61.44275862068974,0
39,10.0,7.0,96.40000000000003,44.00000000000001,0
40,11.0,1.0,48.0,19.03448275862069,0
41,11.0,2.0,92.80000000000001,56.606896551724134,0
42,11.0,5.0,96.88000000000002,61.27724137931044,0
43,11.0,7.0,96.40000000000003,38.03586206896553,0
44,12.0,1.0,54.0,21.310344827586206,0
45,12.0,2.0,92.80000000000001,55.751724137931035,0
46,12.0,5.0,96.88000000000002,59.056551724138004,0
47,12.0,7.0,96.40000000000003,39.11724137931035,0
48,13.0,1.0,54.0,24.0,0
49,13.0,2.0,92.80000000000001,46.33103448275862,0
50,13.0,5.0,96.88000000000002,58.77241379310353,0
51,13.0,7.0,96.40000000000003,37.56413793103449,0
52,14.0,1.0,54.0,19.448275862068964,0
53,14.0,2.0,92.80000000000001,44.46896551724138,0
54,14.0,5.0,96.88000000000002,64.52965517241388,0
55,14.0,7.0,96.40000000000003,33.685517241379316,0
56,15.0,1.0,100.0,23.548387096774192,0
57,15.0,2.0,94.4,37.406451612903226,0
58,15.0,5.0,96.88000000000002,67.32903225806459,0
59,15.0,7.0,96.40000000000003,38.07483870967742,0
60,16.0,1.0,100.0,18.322580645161292,0
61,16.0,2.0,94.4,45.406451612903226,0
62,16.0,5.0,97.12000000000003,70.05935483870975,0
63,16.0,7.0,96.40000000000003,38.123870967741944,0
64,17.0,1.0,100.0,27.225806451612904,0
65,17.0,2.0,94.4,52.954838709677425,0
66,17.0,5.0,97.12000000000003,76.4516129032259,0
67,17.0,7.0,96.40000000000003,32.52903225806452,0
68,18.0,1.0,100.0,19.483870967741936,0
69,18.0,2.0,94.4,57.535483870967745,0
70,18.0,5.0,97.12000000000003,63.38322580645169,0
71,18.0,7.0,96.40000000000003,33.303225806451614,0
72,19.0,1.0,100.0,20.838709677419356,0
73,19.0,2.0,94.4,52.29677419354839,0
74,19.0,5.0,97.12000000000003,61.90967741935492,0
75,19.0,7.0,96.40000000000003,35.04516129032258,0
76,20.0,1.0,100.0,22.0,0
77,20.0,2.0,94.4,72.81176470588234,0
78,20.0,5.0,97.12000000000003,66.47529411764715,0
79,20.0,7.0,96.40000000000003,36.31058823529413,0
80,21.0,1.0,100.0,27.823529411764707,0
81,21.0,2.0,94.4,70.95294117647057,0
82,21.0,5.0,97.12000000000003,70.3764705882354,0
83,21.0,7.0,96.40000000000003,39.01176470588236,0
84,22.0,1.0,100.0,24.470588235294116,0
85,22.0,2.0,94.4,70.05882352941177,0
86,22.0,5.0,97.12000000000003,73.53882352941184,0
87,22.0,7.0,96.40000000000003,44.463529411764725,0
88,23.0,1.0,100.0,24.470588235294116,0
89,23.0,2.0,94.4,60.74117647058823,0
90,23.0,5.0,97.12000000000003,82.12235294117657,0
91,23.0,7.0,96.40000000000003,39.30823529411766,0
92,24.0,1.0,100.0,21.823529411764707,0
93,24.0,2.0,94.4,61.01176470588236,0
94,24.0,5.0,97.12000000000003,72.78823529411773,0
95,24.0,7.0,96.40000000000003,41.8164705882353,0
96,25.0,1.0,100.0,19.08108108108108,0
97,25.0,2.0,94.4,53.11351351351351,0
98,25.0,5.0,97.12000000000003,78.22054054054063,0
99,25.0,7.0,96.40000000000003,40.22270270270271,0
100,26.0,1.0,100.0,19.243243243243242,0
101,26.0,2.0,94.4,55.891891891891895,0
102,26.0,5.0,97.60000000000002,69.31675675675685,0
103,26.0,7.0,96.40000000000003,39.12216216216218,0
104,27.0,1.0,100.0,25.243243243243242,0
105,27.0,2.0,94.4,62.99459459459461,0
106,27.0,5.0,97.60000000000002,66.531891891892,0
107,27.0,7.0,96.40000000000003,35.68648648648649,0
108,28.0,1.0,100.0,25.243243243243242,0
109,28.0,2.0,94.4,63.83783783783785,0
110,28.0,5.0,97.60000000000002,68.8562162162163,0
111,28.0,7.0,96.40000000000003,39.72540540540542,0
112,29.0,1.0,100.0,25.56756756756757,0
113,29.0,2.0,94.4,54.72432432432432,0
114,29.0,5.0,97.60000000000002,70.91675675675684,0
115,29.0,7.0,96.40000000000003,42.31783783783785,0
116,30.0,1.0,100.0,23.2,0
117,30.0,2.0,94.4,61.620000000000005,0
118,30.0,5.0,97.60000000000002,80.97800000000008,0
119,30.0,7.0,96.40000000000003,50.22200000000002,0
120,1.0,1.0,30.0,5.28,1
121,1.0,2.0,88.8,15.232000000000001,1
122,1.0,5.0,91.12000000000009,32.23360000000007,1
123,1.0,7.0,54.0,21.12,1
124,2.0,1.0,48.0,12.96,1
125,2.0,2.0,90.4,34.336,1
126,2.0,5.0,91.36000000000008,39.430400000000084,1
127,2.0,7.0,54.0,24.96,1
128,3.0,1.0,48.0,14.64,1
129,3.0,2.0,93.6,38.288000000000004,1
130,3.0,5.0,91.36000000000008,46.12480000000009,1
131,3.0,7.0,54.0,28.08,1
132,4.0,1.0,48.0,18.24,1
133,4.0,2.0,93.6,52.448,1
134,4.0,5.0,91.36000000000008,42.75520000000009,1
135,4.0,7.0,71.2000000000001,27.088,1
136,5.0,1.0,48.0,14.88888888888889,1
137,5.0,2.0,93.6,42.32592592592592,1
138,5.0,5.0,93.04000000000008,48.891851851851925,1
139,5.0,7.0,71.2000000000001,26.85925925925926,1
140,6.0,1.0,48.0,15.777777777777779,1
141,6.0,2.0,93.6,52.370370370370374,1
142,6.0,5.0,96.40000000000003,54.02962962962972,1
143,6.0,7.0,82.48000000000013,30.09777777777779,1
144,7.0,1.0,48.0,18.0,1
145,7.0,2.0,93.6,52.37037037037038,1
146,7.0,5.0,96.40000000000003,54.93629629629636,1
147,7.0,7.0,82.48000000000013,29.12592592592595,1
148,8.0,1.0,54.0,18.444444444444443,1
149,8.0,2.0,93.6,52.41481481481481,1
150,8.0,5.0,96.40000000000003,52.55407407407416,1
151,8.0,7.0,82.48000000000013,21.94074074074076,1
152,9.0,1.0,54.0,24.666666666666668,1
153,9.0,2.0,93.6,60.41481481481482,1
154,9.0,5.0,96.40000000000003,62.78518518518528,1
155,9.0,7.0,82.48000000000013,33.82222222222224,1
156,10.0,1.0,54.0,16.551724137931036,1
157,10.0,2.0,93.6,62.30344827586206,1
158,10.0,5.0,96.40000000000003,57.56965517241389,1
159,10.0,7.0,82.48000000000013,32.72000000000001,1
160,11.0,1.0,54.0,13.862068965517242,1
161,11.0,2.0,93.6,52.57931034482758,1
162,11.0,5.0,96.40000000000003,67.95862068965528,1
163,11.0,7.0,82.48000000000013,40.94896551724141,1
164,12.0,1.0,100.0,18.75862068965517,1
165,12.0,2.0,93.6,47.765517241379314,1
166,12.0,5.0,96.40000000000003,69.37379310344835,1
167,12.0,7.0,82.48000000000013,42.34758620689658,1
168,13.0,1.0,100.0,19.379310344827587,1
169,13.0,2.0,93.6,59.44827586206897,1
170,13.0,5.0,96.40000000000003,64.52413793103456,1
171,13.0,7.0,82.48000000000013,49.619310344827625,1
172,14.0,1.0,100.0,18.551724137931036,1
173,14.0,2.0,93.6,67.37931034482757,1
174,14.0,5.0,96.40000000000003,80.29517241379321,1
175,14.0,7.0,82.48000000000013,57.17793103448281,1
176,15.0,1.0,100.0,18.516129032258064,1
177,15.0,2.0,93.6,56.903225806451616,1
178,15.0,5.0,96.40000000000003,71.67741935483876,1
179,15.0,7.0,82.48000000000013,52.00000000000006,1
180,16.0,1.0,100.0,21.419354838709676,1
181,16.0,2.0,93.6,61.522580645161284,1
182,16.0,5.0,96.40000000000003,69.2206451612904,1
183,16.0,7.0,82.48000000000013,51.38580645161295,1
184,17.0,1.0,100.0,17.548387096774192,1
185,17.0,2.0,93.6,50.4516129032258,1
186,17.0,5.0,96.40000000000003,54.309677419354934,1
187,17.0,7.0,82.48000000000013,48.717419354838746,1
188,18.0,1.0,100.0,21.161290322580644,1
189,18.0,2.0,93.6,56.180645161290315,1
190,18.0,5.0,96.40000000000003,60.67096774193558,1
191,18.0,7.0,82.48000000000013,50.585806451612925,1
192,19.0,1.0,100.0,18.70967741935484,1
193,19.0,2.0,93.6,56.68387096774194,1
194,19.0,5.0,96.40000000000003,66.06193548387105,1
195,19.0,7.0,82.48000000000013,47.01935483870972,1
196,20.0,1.0,100.0,18.647058823529413,1
197,20.0,2.0,93.6,58.08235294117647,1
198,20.0,5.0,96.40000000000003,63.36941176470597,1
199,20.0,7.0,85.60000000000014,49.29176470588239,1
200,21.0,1.0,100.0,17.941176470588236,1
201,21.0,2.0,97.6,52.470588235294116,1
202,21.0,5.0,96.40000000000003,63.310588235294226,1
203,21.0,7.0,85.60000000000014,53.6352941176471,1
204,22.0,1.0,100.0,18.294117647058822,1
205,22.0,2.0,97.6,55.98823529411764,1
206,22.0,5.0,96.40000000000003,67.45882352941187,1
207,22.0,7.0,85.60000000000014,50.09647058823534,1
208,23.0,1.0,100.0,20.41176470588235,1
209,23.0,2.0,97.6,57.76470588235294,1
210,23.0,5.0,96.40000000000003,62.65882352941186,1
211,23.0,7.0,85.60000000000014,48.57176470588239,1
212,24.0,1.0,100.0,17.941176470588236,1
213,24.0,2.0,97.6,48.30588235294118,1
214,24.0,5.0,96.40000000000003,71.88941176470598,1
215,24.0,7.0,85.60000000000014,46.08235294117649,1
216,25.0,1.0,100.0,16.324324324324323,1
217,25.0,2.0,97.6,62.12972972972973,1
218,25.0,5.0,98.08000000000001,73.17837837837848,1
219,25.0,7.0,92.80000000000007,41.027027027027046,1
220,26.0,1.0,100.0,21.35135135135135,1
221,26.0,2.0,97.6,58.96216216216217,1
222,26.0,5.0,98.08000000000001,62.9081081081082,1
223,26.0,7.0,92.80000000000007,40.95135135135137,1
224,27.0,1.0,100.0,18.594594594594593,1
225,27.0,2.0,97.6,51.01621621621622,1
226,27.0,5.0,98.08000000000001,72.01297297297309,1
227,27.0,7.0,92.80000000000007,43.90054054054056,1
228,28.0,1.0,100.0,16.16216216216216,1
229,28.0,2.0,97.6,53.3945945945946,1
230,28.0,5.0,98.08000000000001,71.5027027027028,1
231,28.0,7.0,92.80000000000007,43.24972972972976,1
232,29.0,1.0,100.0,18.91891891891892,1
233,29.0,2.0,97.6,54.086486486486486,1
234,29.0,5.0,98.08000000000001,65.69513513513523,1
235,29.0,7.0,92.80000000000007,44.64000000000002,1
236,30.0,1.0,100.0,22.7,1
237,30.0,2.0,97.6,55.92999999999999,1
238,30.0,5.0,98.08000000000001,67.03800000000008,1
239,30.0,7.0,92.80000000000007,46.59400000000004,1
240,1.0,1.0,42.0,6.72,2
241,1.0,2.0,88.0,19.088,2
242,1.0,5.0,92.80000000000007,31.59680000000005,2
243,1.0,7.0,64.00000000000009,22.240000000000006,2
244,2.0,1.0,54.0,6.24,2
245,2.0,2.0,88.0,27.504,2
246,2.0,5.0,92.80000000000007,47.11680000000008,2
247,2.0,7.0,67.84000000000009,22.707200000000007,2
248,3.0,1.0,54.0,11.04,2
249,3.0,2.0,88.0,29.536000000000005,2
250,3.0,5.0,92.80000000000007,50.91840000000009,2
251,3.0,7.0,67.84000000000009,25.059200000000004,2
252,4.0,1.0,54.0,13.92,2
253,4.0,2.0,88.0,31.663999999999998,2
254,4.0,5.0,92.80000000000007,53.47840000000011,2
255,4.0,7.0,67.84000000000009,22.153600000000004,2
256,5.0,1.0,54.0,16.666666666666668,2
257,5.0,2.0,88.0,40.474074074074075,2
258,5.0,5.0,92.80000000000007,58.02962962962974,2
259,5.0,7.0,67.84000000000009,24.734814814814822,2
260,6.0,1.0,54.0,18.22222222222222,2
261,6.0,2.0,88.0,46.177777777777784,2
262,6.0,5.0,96.88000000000002,61.09333333333343,2
263,6.0,7.0,94.24000000000007,32.40296296296298,2
264,7.0,1.0,54.0,19.333333333333332,2
265,7.0,2.0,91.2,54.785185185185185,2
266,7.0,5.0,96.88000000000002,61.18518518518528,2
267,7.0,7.0,94.24000000000007,34.28740740740742,2
268,8.0,1.0,54.0,16.22222222222222,2
269,8.0,2.0,91.2,53.48148148148148,2
270,8.0,5.0,96.88000000000002,53.50518518518528,2
271,8.0,7.0,94.24000000000007,39.6088888888889,2
272,9.0,1.0,54.0,16.88888888888889,2
273,9.0,2.0,92.80000000000001,40.266666666666666,2
274,9.0,5.0,96.88000000000002,59.92592592592603,2
275,9.0,7.0,94.24000000000007,34.3851851851852,2
276,10.0,1.0,54.0,15.931034482758621,2
277,10.0,2.0,92.80000000000001,37.91724137931034,2
278,10.0,5.0,96.88000000000002,70.27310344827595,2
279,10.0,7.0,94.24000000000007,32.73931034482761,2
280,11.0,1.0,54.0,17.586206896551722,2
281,11.0,2.0,92.80000000000001,52.60689655172414,2
282,11.0,5.0,96.88000000000002,74.28137931034492,2
283,11.0,7.0,94.24000000000007,34.44689655172416,2
284,12.0,1.0,54.0,20.689655172413794,2
285,12.0,2.0,92.80000000000001,53.21379310344827,2
286,12.0,5.0,96.88000000000002,66.66758620689663,2
287,12.0,7.0,94.24000000000007,41.74344827586209,2
288,13.0,1.0,54.0,18.0,2
289,13.0,2.0,92.80000000000001,44.703448275862065,2
290,13.0,5.0,96.88000000000002,72.44413793103456,2
291,13.0,7.0,94.24000000000007,42.308965517241404,2
292,14.0,1.0,100.0,23.103448275862068,2
293,14.0,2.0,92.80000000000001,58.84137931034482,2
294,14.0,5.0,96.88000000000002,68.81931034482767,2
295,14.0,7.0,94.24000000000007,44.2786206896552,2
296,15.0,1.0,100.0,21.225806451612904,2
297,15.0,2.0,92.80000000000001,50.58064516129032,2
298,15.0,5.0,96.88000000000002,64.0774193548388,2
299,15.0,7.0,94.24000000000007,40.21677419354842,2
300,16.0,1.0,100.0,18.516129032258064,2
301,16.0,2.0,92.80000000000001,47.05806451612903,2
302,16.0,5.0,96.88000000000002,60.52645161290332,2
303,16.0,7.0,94.24000000000007,33.85548387096775,2
304,17.0,1.0,100.0,24.322580645161292,2
305,17.0,2.0,92.80000000000001,49.2516129032258,2
306,17.0,5.0,96.88000000000002,66.05419354838719,2
307,17.0,7.0,94.24000000000007,29.298064516129042,2
308,18.0,1.0,100.0,23.35483870967742,2
309,18.0,2.0,92.80000000000001,50.54193548387096,2
310,18.0,5.0,96.88000000000002,61.16129032258073,2
311,18.0,7.0,94.24000000000007,42.077419354838725,2
312,19.0,1.0,100.0,26.451612903225808,2
313,19.0,2.0,92.80000000000001,57.883870967741935,2
314,19.0,5.0,98.80000000000001,57.82967741935492,2
315,19.0,7.0,94.24000000000007,41.2593548387097,2
316,20.0,1.0,100.0,24.470588235294116,2
317,20.0,2.0,92.80000000000001,54.01176470588236,2
318,20.0,5.0,99.28,65.86588235294127,2
319,20.0,7.0,94.24000000000007,43.009411764705916,2
320,21.0,1.0,100.0,25.705882352941178,2
321,21.0,2.0,92.80000000000001,44.55294117647059,2
322,21.0,5.0,99.28,61.55529411764714,2
323,21.0,7.0,94.24000000000007,46.9788235294118,2
324,22.0,1.0,100.0,20.941176470588236,2
325,22.0,2.0,92.80000000000001,51.10588235294118,2
326,22.0,5.0,99.28,58.47058823529421,2
327,22.0,7.0,94.24000000000007,45.99294117647061,2
328,23.0,1.0,100.0,23.41176470588235,2
329,23.0,2.0,92.80000000000001,47.76470588235294,2
330,23.0,5.0,99.28,49.755294117647146,2
331,23.0,7.0,95.20000000000005,41.41882352941179,2
332,24.0,1.0,100.0,25.0,2
333,24.0,2.0,92.80000000000001,48.45882352941176,2
334,24.0,5.0,99.28,62.190588235294186,2
335,24.0,7.0,95.20000000000005,32.807058823529445,2
336,25.0,1.0,100.0,26.054054054054053,2
337,25.0,2.0,92.80000000000001,46.74594594594594,2
338,25.0,5.0,99.28,63.993513513513605,2
339,25.0,7.0,95.20000000000005,38.6183783783784,2
340,26.0,1.0,100.0,25.243243243243242,2
341,26.0,2.0,92.80000000000001,52.3027027027027,2
342,26.0,5.0,99.28,62.888648648648726,2
343,26.0,7.0,95.20000000000005,37.62378378378382,2
344,27.0,1.0,100.0,24.27027027027027,2
345,27.0,2.0,92.80000000000001,54.29189189189189,2
346,27.0,5.0,99.28,65.93945945945957,2
347,27.0,7.0,95.20000000000005,50.577297297297335,2
348,28.0,1.0,100.0,22.0,2
349,28.0,2.0,92.80000000000001,59.12432432432432,2
350,28.0,5.0,99.28,61.04432432432442,2
351,28.0,7.0,95.20000000000005,40.7502702702703,2
352,29.0,1.0,100.0,24.756756756756758,2
353,29.0,2.0,92.80000000000001,52.21621621621621,2
354,29.0,5.0,99.28,63.202162162162246,2
355,29.0,7.0,95.20000000000005,45.27135135135139,2
356,30.0,1.0,100.0,23.05,2
357,30.0,2.0,95.2,53.17,2
358,30.0,5.0,99.28,72.47600000000008,2
359,30.0,7.0,95.20000000000005,37.74000000000002,2
360,1.0,1.0,30.0,4.8,3
361,1.0,2.0,85.6,5.824,3
362,1.0,5.0,93.76000000000006,46.377600000000065,3
363,1.0,7.0,54.0,17.28,3
364,2.0,1.0,30.0,3.36,3
365,2.0,2.0,85.6,22.928,3
366,2.0,5.0,93.76000000000006,45.79200000000008,3
367,2.0,7.0,60.880000000000095,20.95040000000001,3
368,3.0,1.0,30.0,8.88,3
369,3.0,2.0,88.0,20.784000000000002,3
370,3.0,5.0,94.48000000000005,34.94080000000006,3
371,3.0,7.0,64.00000000000009,28.640000000000008,3
372,4.0,1.0,30.0,9.12,3
373,4.0,2.0,90.4,37.232,3
374,4.0,5.0,94.48000000000005,48.288000000000096,3
375,4.0,7.0,68.32000000000009,33.15200000000001,3
376,5.0,1.0,48.0,12.666666666666666,3
377,5.0,2.0,92.80000000000001,46.05925925925926,3
378,5.0,5.0,94.48000000000005,53.48444444444454,3
379,5.0,7.0,73.36000000000011,40.939259259259266,3
380,6.0,1.0,48.0,12.222222222222221,3
381,6.0,2.0,92.80000000000001,48.48888888888889,3
382,6.0,5.0,94.48000000000005,56.43259259259267,3
383,6.0,7.0,73.36000000000011,32.616296296296305,3
384,7.0,1.0,54.0,14.0,3
385,7.0,2.0,92.80000000000001,41.54074074074074,3
386,7.0,5.0,94.48000000000005,61.591111111111196,3
387,7.0,7.0,73.36000000000011,38.272592592592595,3
388,8.0,1.0,54.0,14.88888888888889,3
389,8.0,2.0,92.80000000000001,37.111111111111114,3
390,8.0,5.0,96.40000000000003,51.92000000000009,3
391,8.0,7.0,73.36000000000011,45.42222222222223,3
392,9.0,1.0,54.0,12.0,3
393,9.0,2.0,92.80000000000001,46.60740740740741,3
394,9.0,5.0,96.88000000000002,57.91407407407417,3
395,9.0,7.0,73.84000000000012,42.47111111111112,3
396,10.0,1.0,54.0,11.379310344827585,3
397,10.0,2.0,95.2,42.70344827586207,3
398,10.0,5.0,96.88000000000002,56.77241379310353,3
399,10.0,7.0,74.80000000000011,46.485517241379334,3
400,11.0,1.0,54.0,15.724137931034482,3
401,11.0,2.0,95.2,34.37241379310345,3
402,11.0,5.0,96.88000000000002,55.326896551724246,3
403,11.0,7.0,74.80000000000011,41.62758620689656,3
404,12.0,1.0,54.0,10.344827586206897,3
405,12.0,2.0,95.2,33.43448275862069,3
406,12.0,5.0,96.88000000000002,55.68551724137941,3
407,12.0,7.0,74.80000000000011,42.46068965517242,3
408,13.0,1.0,54.0,16.96551724137931,3
409,13.0,2.0,95.2,38.38620689655172,3
410,13.0,5.0,96.88000000000002,42.46068965517248,3
411,13.0,7.0,74.80000000000011,33.406896551724145,3
412,14.0,1.0,54.0,15.10344827586207,3
413,14.0,2.0,95.2,36.96551724137931,3
414,14.0,5.0,96.88000000000002,54.08551724137939,3
415,14.0,7.0,74.80000000000011,36.59310344827587,3
416,15.0,1.0,54.0,13.161290322580646,3
417,15.0,2.0,95.2,49.16129032258065,3
418,15.0,5.0,96.88000000000002,48.467096774193635,3
419,15.0,7.0,77.44000000000011,32.498064516129034,3
420,16.0,1.0,54.0,20.322580645161292,3
421,16.0,2.0,95.2,45.13548387096775,3
422,16.0,5.0,97.84000000000003,49.58193548387104,3
423,16.0,7.0,77.44000000000011,39.03225806451614,3
424,17.0,1.0,54.0,21.483870967741936,3
425,17.0,2.0,95.2,56.593548387096774,3
426,17.0,5.0,97.84000000000003,56.88000000000008,3
427,17.0,7.0,77.44000000000011,36.54967741935486,3
428,18.0,1.0,54.0,18.0,3
429,18.0,2.0,95.2,57.9483870967742,3
430,18.0,5.0,97.84000000000003,56.83612903225816,3
431,18.0,7.0,77.44000000000011,28.529032258064532,3
432,19.0,1.0,54.0,17.806451612903224,3
433,19.0,2.0,95.2,62.68387096774194,3
434,19.0,5.0,97.84000000000003,58.61935483870976,3
435,19.0,7.0,77.44000000000011,34.5083870967742,3
436,20.0,1.0,97.84000000000003,18.40705882352941,3
437,20.0,2.0,95.2,63.35294117647059,3
438,20.0,5.0,97.84000000000003,61.24000000000009,3
439,20.0,7.0,88.0,37.17882352941177,3
440,21.0,1.0,97.84000000000003,24.230588235294118,3
441,21.0,2.0,95.2,55.03529411764706,3
442,21.0,5.0,97.84000000000003,57.36470588235302,3
443,21.0,7.0,88.0,42.08470588235296,3
444,22.0,1.0,97.84000000000003,24.583529411764708,3
445,22.0,2.0,95.2,55.38823529411765,3
446,22.0,5.0,97.84000000000003,61.39058823529419,3
447,22.0,7.0,88.0,40.84000000000002,3
448,23.0,1.0,97.84000000000003,18.583529411764708,3
449,23.0,2.0,95.2,49.69411764705882,3
450,23.0,5.0,97.84000000000003,58.235294117647136,3
451,23.0,7.0,88.0,40.51294117647061,3
452,24.0,1.0,97.84000000000003,22.11294117647059,3
453,24.0,2.0,95.2,54.247058823529414,3
454,24.0,5.0,97.84000000000003,55.480000000000075,3
455,24.0,7.0,88.0,42.39294117647061,3
456,25.0,1.0,97.84000000000003,17.40108108108108,3
457,25.0,2.0,95.2,56.670270270270265,3
458,25.0,5.0,97.84000000000003,60.94702702702709,3
459,25.0,7.0,97.84000000000003,39.56108108108111,3
460,26.0,1.0,97.84000000000003,19.184864864864867,3
461,26.0,2.0,95.2,52.9081081081081,3
462,26.0,5.0,97.84000000000003,60.607567567567656,3
463,26.0,7.0,97.84000000000003,40.03243243243244,3
464,27.0,1.0,100.0,19.18918918918919,3
465,27.0,2.0,95.2,59.45945945945946,3
466,27.0,5.0,97.84000000000003,61.30810810810819,3
467,27.0,7.0,97.84000000000003,31.798918918918936,3
468,28.0,1.0,100.0,22.756756756756758,3
469,28.0,2.0,95.2,53.75135135135135,3
470,28.0,5.0,97.84000000000003,55.87027027027034,3
471,28.0,7.0,97.84000000000003,29.178378378378383,3
472,29.0,1.0,100.0,18.91891891891892,3
473,29.0,2.0,95.2,58.15135135135134,3
474,29.0,5.0,97.84000000000003,59.00972972972982,3
475,29.0,7.0,97.84000000000003,30.944864864864865,3
476,30.0,1.0,100.0,20.5,3
477,30.0,2.0,95.2,57.120000000000005,3
478,30.0,5.0,97.84000000000003,61.294000000000075,3
479,30.0,7.0,97.84000000000003,29.43200000000001,3
480,1.0,1.0,30.0,7.68,4
481,1.0,2.0,88.0,23.728,4
482,1.0,5.0,92.80000000000007,44.81280000000008,4
483,1.0,7.0,92.32000000000008,15.932800000000002,4
484,2.0,1.0,30.0,13.2,4
485,2.0,2.0,91.2,33.44,4
486,2.0,5.0,92.80000000000007,58.30080000000009,4
487,2.0,7.0,92.32000000000008,17.852800000000002,4
488,3.0,1.0,30.0,16.32,4
489,3.0,2.0,91.2,45.52,4
490,3.0,5.0,92.80000000000007,61.90720000000008,4
491,3.0,7.0,92.32000000000008,33.926400000000015,4
492,4.0,1.0,42.0,13.2,4
493,4.0,2.0,91.2,48.784,4
494,4.0,5.0,92.80000000000007,65.56800000000007,4
495,4.0,7.0,92.32000000000008,26.236800000000013,4
496,5.0,1.0,42.0,17.11111111111111,4
497,5.0,2.0,91.2,46.60740740740741,4
498,5.0,5.0,92.80000000000007,56.51851851851858,4
499,5.0,7.0,92.32000000000008,26.1688888888889,4
500,6.0,1.0,62.4,25.288888888888888,4
501,6.0,2.0,91.2,50.8,4
502,6.0,5.0,95.20000000000005,68.085925925926,4
503,6.0,7.0,92.32000000000008,29.19703703703704,4
504,7.0,1.0,62.4,18.08888888888889,4
505,7.0,2.0,91.2,46.17777777777778,4
506,7.0,5.0,95.92000000000004,63.2948148148149,4
507,7.0,7.0,92.32000000000008,32.71111111111112,4
508,8.0,1.0,62.4,16.31111111111111,4
509,8.0,2.0,94.4,42.72592592592593,4
510,8.0,5.0,95.92000000000004,68.93629629629639,4
511,8.0,7.0,92.32000000000008,34.53037037037037,4
512,9.0,1.0,62.4,17.42222222222222,4
513,9.0,2.0,94.4,38.63703703703704,4
514,9.0,5.0,95.92000000000004,68.37925925925936,4
515,9.0,7.0,92.32000000000008,27.105185185185192,4
516,10.0,1.0,62.4,16.42758620689655,4
517,10.0,2.0,95.2,45.324137931034485,4
518,10.0,5.0,95.92000000000004,66.73379310344836,4
519,10.0,7.0,92.80000000000007,31.48689655172415,4
520,11.0,1.0,62.4,22.013793103448275,4
521,11.0,2.0,95.2,45.793103448275865,4
522,11.0,5.0,95.92000000000004,67.92275862068976,4
523,11.0,7.0,92.80000000000007,23.889655172413796,4
524,12.0,1.0,62.4,19.324137931034482,4
525,12.0,2.0,95.2,44.165517241379305,4
526,12.0,5.0,95.92000000000004,64.18758620689665,4
527,12.0,7.0,92.80000000000007,32.40275862068966,4
528,13.0,1.0,62.4,16.42758620689655,4
529,13.0,2.0,95.2,53.11724137931034,4
530,13.0,5.0,95.92000000000004,59.9310344827587,4
531,13.0,7.0,92.80000000000007,34.36137931034483,4
532,14.0,1.0,62.4,20.358620689655172,4
533,14.0,2.0,95.2,57.35172413793103,4
534,14.0,5.0,95.92000000000004,65.67172413793114,4
535,14.0,7.0,92.80000000000007,42.154482758620716,4
536,15.0,1.0,62.4,20.787096774193547,4
537,15.0,2.0,95.2,59.599999999999994,4
538,15.0,5.0,95.92000000000004,65.2748387096775,4
539,15.0,7.0,92.80000000000007,40.00000000000001,4
540,16.0,1.0,62.4,15.754838709677419,4
541,16.0,2.0,95.2,56.20645161290322,4
542,16.0,5.0,95.92000000000004,63.88129032258074,4
543,16.0,7.0,92.80000000000007,38.07741935483871,4
544,17.0,1.0,62.4,22.529032258064515,4
545,17.0,2.0,95.2,54.696774193548386,4
546,17.0,5.0,95.92000000000004,59.78322580645169,4
547,17.0,7.0,92.80000000000007,34.87741935483872,4
548,18.0,1.0,100.0,24.129032258064516,4
549,18.0,2.0,95.2,53.81935483870967,4
550,18.0,5.0,95.92000000000004,72.70709677419364,4
551,18.0,7.0,92.80000000000007,41.1225806451613,4
552,19.0,1.0,100.0,20.451612903225808,4
553,19.0,2.0,95.2,53.48387096774194,4
554,19.0,5.0,95.92000000000004,75.94064516129042,4
555,19.0,7.0,92.80000000000007,46.585806451612925,4
556,20.0,1.0,100.0,17.941176470588236,4
557,20.0,2.0,95.2,57.611764705882344,4
558,20.0,5.0,96.40000000000003,73.90588235294126,4
559,20.0,7.0,92.80000000000007,39.082352941176474,4
560,21.0,1.0,100.0,20.941176470588236,4
561,21.0,2.0,95.2,62.23529411764706,4
562,21.0,5.0,96.40000000000003,75.67294117647067,4
563,21.0,7.0,92.80000000000007,35.40000000000001,4
564,22.0,1.0,100.0,21.823529411764707,4
565,22.0,2.0,95.2,55.37647058823529,4
566,22.0,5.0,96.40000000000003,73.60000000000007,4
567,22.0,7.0,92.80000000000007,37.670588235294126,4
568,23.0,1.0,100.0,21.294117647058822,4
569,23.0,2.0,95.2,58.670588235294126,4
570,23.0,5.0,97.60000000000002,75.19764705882362,4
571,23.0,7.0,92.80000000000007,38.78588235294119,4
572,24.0,1.0,100.0,16.88235294117647,4
573,24.0,2.0,95.2,57.10588235294118,4
574,24.0,5.0,97.60000000000002,71.84705882352948,4
575,24.0,7.0,92.80000000000007,35.223529411764716,4
576,25.0,1.0,100.0,17.783783783783782,4
577,25.0,2.0,100.0,52.59459459459459,4
578,25.0,5.0,97.60000000000002,71.79459459459467,4
579,25.0,7.0,93.52000000000007,35.16756756756757,4
580,26.0,1.0,100.0,19.08108108108108,4
581,26.0,2.0,100.0,50.57297297297298,4
582,26.0,5.0,97.60000000000002,75.13513513513522,4
583,26.0,7.0,93.52000000000007,37.39027027027028,4
584,27.0,1.0,100.0,18.10810810810811,4
585,27.0,2.0,100.0,46.91891891891892,4
586,27.0,5.0,97.60000000000002,78.86702702702712,4
587,27.0,7.0,93.52000000000007,31.91567567567568,4
588,28.0,1.0,100.0,17.62162162162162,4
589,28.0,2.0,100.0,52.1945945945946,4
590,28.0,5.0,97.60000000000002,73.27351351351359,4
591,28.0,7.0,96.64000000000004,41.4918918918919,4
592,29.0,1.0,100.0,18.594594594594593,4
593,29.0,2.0,100.0,59.74054054054053,4
594,29.0,5.0,97.60000000000002,77.47459459459468,4
595,29.0,7.0,96.64000000000004,44.912432432432446,4
596,30.0,1.0,100.0,17.5,4
597,30.0,2.0,100.0,56.3,4
598,30.0,5.0,97.60000000000002,76.6460000000001,4
599,30.0,7.0,96.64000000000004,42.11200000000001,4
600,1.0,1.0,18.0,0.72,5
601,1.0,2.0,89.6,41.376000000000005,5
602,1.0,5.0,92.80000000000007,32.45120000000011,5
603,1.0,7.0,66.1600000000001,15.132800000000007,5
604,2.0,1.0,18.0,2.64,5
605,2.0,2.0,89.6,34.56,5
606,2.0,5.0,92.80000000000007,40.04480000000009,5
607,2.0,7.0,66.1600000000001,22.806400000000004,5
608,3.0,1.0,18.0,4.32,5
609,3.0,2.0,89.6,36.96,5
610,3.0,5.0,92.80000000000007,49.68640000000008,5
611,3.0,7.0,80.56000000000013,34.66240000000002,5
612,4.0,1.0,18.0,5.52,5
613,4.0,2.0,91.2,46.896,5
614,4.0,5.0,92.80000000000007,54.23040000000008,5
615,4.0,7.0,80.56000000000013,36.26880000000003,5
616,5.0,1.0,30.0,4.888888888888889,5
617,5.0,2.0,92.80000000000001,48.2962962962963,5
618,5.0,5.0,95.68000000000004,55.92592592592603,5
619,5.0,7.0,92.80000000000007,38.97185185185188,5
620,6.0,1.0,30.0,9.777777777777779,5
621,6.0,2.0,92.80000000000001,56.474074074074075,5
622,6.0,5.0,95.68000000000004,50.346666666666756,5
623,6.0,7.0,92.80000000000007,33.63555555555558,5
624,7.0,1.0,30.0,12.666666666666666,5
625,7.0,2.0,92.80000000000001,55.24444444444444,5
626,7.0,5.0,95.68000000000004,65.78074074074084,5
627,7.0,7.0,92.80000000000007,43.34518518518521,5
628,8.0,1.0,30.0,17.11111111111111,5
629,8.0,2.0,92.80000000000001,55.05185185185186,5
630,8.0,5.0,95.68000000000004,56.41481481481489,5
631,8.0,7.0,92.80000000000007,39.83703703703705,5
632,9.0,1.0,42.0,18.88888888888889,5
633,9.0,2.0,92.80000000000001,45.451851851851856,5
634,9.0,5.0,95.68000000000004,51.546666666666745,5
635,9.0,7.0,92.80000000000007,42.788148148148174,5
636,10.0,1.0,42.0,18.82758620689655,5
637,10.0,2.0,92.80000000000001,36.44137931034483,5
638,10.0,5.0,95.68000000000004,56.168275862069045,5
639,10.0,7.0,92.80000000000007,38.88551724137933,5
640,11.0,1.0,42.0,19.655172413793103,5
641,11.0,2.0,92.80000000000001,42.49655172413794,5
642,11.0,5.0,96.40000000000003,62.45241379310354,5
643,11.0,7.0,92.80000000000007,32.9793103448276,5
644,12.0,1.0,42.0,16.551724137931036,5
645,12.0,2.0,92.80000000000001,38.0,5
646,12.0,5.0,96.88000000000002,63.33517241379319,5
647,12.0,7.0,92.80000000000007,40.01379310344829,5
648,13.0,1.0,42.0,21.310344827586206,5
649,13.0,2.0,92.80000000000001,50.662068965517236,5
650,13.0,5.0,96.88000000000002,68.80827586206907,5
651,13.0,7.0,92.80000000000007,33.1696551724138,5
652,14.0,1.0,54.0,18.82758620689655,5
653,14.0,2.0,92.80000000000001,39.806896551724144,5
654,14.0,5.0,96.88000000000002,65.39034482758628,5
655,14.0,7.0,92.80000000000007,28.53517241379311,5
656,15.0,1.0,54.0,13.161290322580646,5
657,15.0,2.0,94.4,53.741935483870975,5
658,15.0,5.0,96.88000000000002,73.0864516129033,5
659,15.0,7.0,92.80000000000007,32.38451612903227,5
660,16.0,1.0,54.0,18.193548387096776,5
661,16.0,2.0,94.4,44.15483870967741,5
662,16.0,5.0,96.88000000000002,69.83225806451621,5
663,16.0,7.0,92.80000000000007,33.21548387096775,5
664,17.0,1.0,54.0,18.193548387096776,5
665,17.0,2.0,94.4,58.800000000000004,5
666,17.0,5.0,96.88000000000002,70.22709677419364,5
667,17.0,7.0,92.80000000000007,37.27741935483873,5
668,18.0,1.0,54.0,19.35483870967742,5
669,18.0,2.0,94.4,51.9225806451613,5
670,18.0,5.0,96.88000000000002,64.3354838709678,5
671,18.0,7.0,92.80000000000007,36.402580645161294,5
672,19.0,1.0,54.0,20.129032258064516,5
673,19.0,2.0,94.4,63.277419354838706,5
674,19.0,5.0,96.88000000000002,68.6683870967743,5
675,19.0,7.0,92.80000000000007,42.4309677419355,5
676,20.0,1.0,100.0,25.470588235294116,5
677,20.0,2.0,94.4,53.56470588235294,5
678,20.0,5.0,96.88000000000002,76.92705882352948,5
679,20.0,7.0,92.80000000000007,37.68470588235296,5
680,21.0,1.0,100.0,20.764705882352942,5
681,21.0,2.0,94.4,54.529411764705884,5
682,21.0,5.0,96.88000000000002,77.92941176470595,5
683,21.0,7.0,92.80000000000007,38.02352941176471,5
684,22.0,1.0,100.0,21.11764705882353,5
685,22.0,2.0,94.4,61.54117647058824,5
686,22.0,5.0,96.88000000000002,76.9105882352942,5
687,22.0,7.0,92.80000000000007,39.29882352941178,5
688,23.0,1.0,100.0,14.588235294117647,5
689,23.0,2.0,94.4,59.4,5
690,23.0,5.0,96.88000000000002,69.60941176470594,5
691,23.0,7.0,92.80000000000007,41.5529411764706,5
692,24.0,1.0,100.0,20.058823529411764,5
693,24.0,2.0,94.4,62.98823529411764,5
694,24.0,5.0,96.88000000000002,66.25882352941186,5
695,24.0,7.0,92.80000000000007,44.01647058823531,5
696,25.0,1.0,100.0,17.135135135135137,5
697,25.0,2.0,94.4,58.486486486486484,5
698,25.0,5.0,96.88000000000002,66.99027027027037,5
699,25.0,7.0,92.80000000000007,48.11675675675677,5
700,26.0,1.0,100.0,15.18918918918919,5
701,26.0,2.0,94.4,53.28648648648649,5
702,26.0,5.0,96.88000000000002,68.62486486486495,5
703,26.0,7.0,92.80000000000007,45.461621621621646,5
704,27.0,1.0,100.0,18.43243243243243,5
705,27.0,2.0,94.4,59.65405405405405,5
706,27.0,5.0,96.88000000000002,61.597837837837936,5
707,27.0,7.0,92.80000000000007,43.044324324324336,5
708,28.0,1.0,100.0,21.35135135135135,5
709,28.0,2.0,94.4,52.054054054054056,5
710,28.0,5.0,96.88000000000002,60.966486486486566,5
711,28.0,7.0,92.80000000000007,39.18486486486488,5
712,29.0,1.0,100.0,17.62162162162162,5
713,29.0,2.0,94.4,57.47027027027027,5
714,29.0,5.0,96.88000000000002,67.96756756756767,5
715,29.0,7.0,92.80000000000007,42.949189189189205,5
716,30.0,1.0,100.0,21.55,5
717,30.0,2.0,95.2,59.04,5
718,30.0,5.0,96.88000000000002,76.08000000000007,5
719,30.0,7.0,96.40000000000003,47.26800000000003,5
720,1.0,1.0,30.0,5.76,6
721,1.0,2.0,92.80000000000001,30.032000000000004,6
722,1.0,5.0,92.80000000000007,42.49600000000007,6
723,1.0,7.0,63.76000000000009,17.34080000000001,6
724,2.0,1.0,30.0,5.52,6
725,2.0,2.0,92.80000000000001,39.488,6
726,2.0,5.0,95.20000000000005,42.540800000000075,6
727,2.0,7.0,63.76000000000009,18.870400000000004,6
728,3.0,1.0,36.0,9.12,6
729,3.0,2.0,92.80000000000001,39.983999999999995,6
730,3.0,5.0,95.20000000000005,55.756800000000084,6
731,3.0,7.0,73.84000000000012,22.633600000000005,6
732,4.0,1.0,36.0,14.88,6
733,4.0,2.0,92.80000000000001,45.536,6
734,4.0,5.0,95.20000000000005,52.5312000000001,6
735,4.0,7.0,73.84000000000012,30.121600000000015,6
736,5.0,1.0,54.0,17.555555555555557,6
737,5.0,2.0,92.80000000000001,43.05185185185186,6
738,5.0,5.0,95.20000000000005,55.90222222222231,6
739,5.0,7.0,73.84000000000012,27.02518518518519,6
740,6.0,1.0,54.0,16.0,6
741,6.0,2.0,92.80000000000001,57.34814814814815,6
742,6.0,5.0,95.20000000000005,62.906666666666766,6
743,6.0,7.0,73.84000000000012,29.404444444444454,6
744,7.0,1.0,54.0,14.666666666666666,6
745,7.0,2.0,92.80000000000001,66.96296296296296,6
746,7.0,5.0,95.20000000000005,65.85777777777787,6
747,7.0,7.0,77.44000000000011,38.04444444444445,6
748,8.0,1.0,54.0,16.666666666666668,6
749,8.0,2.0,92.80000000000001,69.61481481481482,6
750,8.0,5.0,95.20000000000005,58.702222222222325,6
751,8.0,7.0,77.44000000000011,44.17185185185188,6
752,9.0,1.0,100.0,19.40740740740741,6
753,9.0,2.0,95.2,55.718518518518515,6
754,9.0,5.0,95.20000000000005,66.93629629629638,6
755,9.0,7.0,77.44000000000011,44.02666666666669,6
756,10.0,1.0,100.0,17.724137931034484,6
757,10.0,2.0,100.0,55.72413793103448,6
758,10.0,5.0,97.12000000000003,79.98068965517253,6
759,10.0,7.0,92.80000000000007,45.495172413793114,6
760,11.0,1.0,100.0,19.586206896551722,6
761,11.0,2.0,100.0,65.2,6
762,11.0,5.0,97.12000000000003,78.60413793103457,6
763,11.0,7.0,92.80000000000007,45.36000000000002,6
764,12.0,1.0,100.0,17.103448275862068,6
765,12.0,2.0,100.0,57.37931034482759,6
766,12.0,5.0,97.12000000000003,74.01931034482767,6
767,12.0,7.0,92.80000000000007,41.017931034482764,6
768,13.0,1.0,100.0,17.517241379310345,6
769,13.0,2.0,100.0,65.2551724137931,6
770,13.0,5.0,97.12000000000003,79.7600000000001,6
771,13.0,7.0,92.80000000000007,36.31724137931035,6
772,14.0,1.0,100.0,19.17241379310345,6
773,14.0,2.0,100.0,63.10344827586208,6
774,14.0,5.0,97.12000000000003,71.00413793103458,6
775,14.0,7.0,92.80000000000007,43.5448275862069,6
776,15.0,1.0,100.0,24.903225806451612,6
777,15.0,2.0,100.0,56.49032258064516,6
778,15.0,5.0,97.12000000000003,78.95483870967752,6
779,15.0,7.0,96.40000000000003,42.26580645161291,6
780,16.0,1.0,100.0,20.258064516129032,6
781,16.0,2.0,100.0,55.69032258064516,6
782,16.0,5.0,97.12000000000003,85.12516129032267,6
783,16.0,7.0,96.40000000000003,34.910967741935494,6
784,17.0,1.0,100.0,19.096774193548388,6
785,17.0,2.0,100.0,53.74193548387097,6
786,17.0,5.0,97.12000000000003,79.40645161290331,6
787,17.0,7.0,96.40000000000003,36.583225806451615,6
788,18.0,1.0,100.0,27.806451612903224,6
789,18.0,2.0,100.0,50.27096774193548,6
790,18.0,5.0,97.12000000000003,71.95096774193557,6
791,18.0,7.0,96.40000000000003,36.99096774193549,6
792,19.0,1.0,100.0,24.322580645161292,6
793,19.0,2.0,100.0,54.012903225806454,6
794,19.0,5.0,97.12000000000003,66.21677419354847,6
795,19.0,7.0,96.40000000000003,38.7767741935484,6
796,20.0,1.0,100.0,28.294117647058822,6
797,20.0,2.0,100.0,62.411764705882355,6
798,20.0,5.0,97.12000000000003,81.25647058823539,6
799,20.0,7.0,96.40000000000003,39.828235294117654,6
800,21.0,1.0,100.0,26.235294117647058,6
801,21.0,2.0,100.0,53.54117647058824,6
802,21.0,5.0,97.12000000000003,79.19294117647068,6
803,21.0,7.0,96.40000000000003,44.91529411764708,6
804,22.0,1.0,100.0,20.058823529411764,6
805,22.0,2.0,100.0,55.61176470588236,6
806,22.0,5.0,97.12000000000003,74.40235294117656,6
807,22.0,7.0,96.40000000000003,45.66117647058826,6
808,23.0,1.0,100.0,20.058823529411764,6
809,23.0,2.0,100.0,56.94117647058823,6
810,23.0,5.0,97.12000000000003,81.49411764705891,6
811,23.0,7.0,96.40000000000003,46.84470588235297,6
812,24.0,1.0,100.0,20.41176470588235,6
813,24.0,2.0,100.0,56.364705882352936,6
814,24.0,5.0,97.12000000000003,79.50823529411775,6
815,24.0,7.0,96.40000000000003,44.23294117647062,6
816,25.0,1.0,100.0,19.405405405405407,6
817,25.0,2.0,100.0,57.664864864864875,6
818,25.0,5.0,97.12000000000003,82.04108108108117,6
819,25.0,7.0,96.40000000000003,42.15567567567569,6
820,26.0,1.0,100.0,22.27027027027027,6
821,26.0,2.0,100.0,48.24864864864865,6
822,26.0,5.0,97.12000000000003,78.87783783783793,6
823,26.0,7.0,96.40000000000003,44.52108108108111,6
824,27.0,1.0,100.0,17.62162162162162,6
825,27.0,2.0,100.0,48.681081081081075,6
826,27.0,5.0,97.12000000000003,84.06054054054063,6
827,27.0,7.0,96.40000000000003,47.47243243243246,6
828,28.0,1.0,100.0,21.56756756756757,6
829,28.0,2.0,100.0,38.98378378378378,6
830,28.0,5.0,97.12000000000003,81.93513513513523,6
831,28.0,7.0,96.40000000000003,44.00000000000002,6
832,29.0,1.0,100.0,20.054054054054053,6
833,29.0,2.0,100.0,41.924324324324324,6
834,29.0,5.0,97.12000000000003,76.88864864864875,6
835,29.0,7.0,96.40000000000003,41.99351351351354,6
836,30.0,1.0,100.0,20.35,6
837,30.0,2.0,100.0,56.239999999999995,6
838,30.0,5.0,100.0,76.88200000000009,6
839,30.0,7.0,96.40000000000003,46.538000000000025,6
840,1.0,1.0,36.0,5.28,7
841,1.0,2.0,85.6,25.744,7
842,1.0,5.0,92.80000000000007,41.15520000000008,7
843,1.0,7.0,79.84000000000012,15.433600000000006,7
844,2.0,1.0,36.0,8.4,7
845,2.0,2.0,91.2,20.8,7
846,2.0,5.0,92.80000000000007,39.09120000000008,7
847,2.0,7.0,79.84000000000012,16.873600000000007,7
848,3.0,1.0,36.0,11.52,7
849,3.0,2.0,91.2,31.36,7
850,3.0,5.0,95.20000000000005,50.97920000000009,7
851,3.0,7.0,79.84000000000012,19.971200000000007,7
852,4.0,1.0,36.0,12.48,7
853,4.0,2.0,92.0,45.376000000000005,7
854,4.0,5.0,95.20000000000005,54.79360000000006,7
855,4.0,7.0,84.64000000000013,23.942400000000017,7
856,5.0,1.0,76.96000000000012,15.517037037037042,7
857,5.0,2.0,92.0,45.57037037037038,7
858,5.0,5.0,95.20000000000005,64.40000000000009,7
859,5.0,7.0,95.20000000000005,42.269629629629655,7
860,6.0,1.0,76.96000000000012,20.40592592592593,7
861,6.0,2.0,92.0,48.474074074074075,7
862,6.0,5.0,95.20000000000005,56.49481481481489,7
863,6.0,7.0,95.20000000000005,46.96296296296298,7
864,7.0,1.0,76.96000000000012,18.40592592592593,7
865,7.0,2.0,93.6,44.1925925925926,7
866,7.0,5.0,97.84000000000003,52.705185185185265,7
867,7.0,7.0,95.20000000000005,38.026666666666685,7
868,8.0,1.0,76.96000000000012,15.961481481481487,7
869,8.0,2.0,93.6,48.60740740740741,7
870,8.0,5.0,97.84000000000003,57.56148148148156,7
871,8.0,7.0,95.20000000000005,41.205925925925946,7
872,9.0,1.0,76.96000000000012,11.517037037037042,7
873,9.0,2.0,93.6,41.49629629629629,7
874,9.0,5.0,97.84000000000003,67.67407407407417,7
875,9.0,7.0,95.20000000000005,37.582222222222235,7
876,10.0,1.0,76.96000000000012,14.446896551724143,7
877,10.0,2.0,93.6,35.66896551724138,7
878,10.0,5.0,97.84000000000003,66.1600000000001,7
879,10.0,7.0,95.20000000000005,35.977931034482765,7
880,11.0,1.0,76.96000000000012,17.550344827586212,7
881,11.0,2.0,93.6,37.55862068965517,7
882,11.0,5.0,97.84000000000003,67.42344827586216,7
883,11.0,7.0,95.20000000000005,38.58482758620691,7
884,12.0,1.0,76.96000000000012,16.72275862068966,7
885,12.0,2.0,93.6,48.52413793103448,7
886,12.0,5.0,97.84000000000003,69.27724137931042,7
887,12.0,7.0,95.20000000000005,39.69655172413793,7
888,13.0,1.0,76.96000000000012,16.51586206896552,7
889,13.0,2.0,93.6,56.85517241379311,7
890,13.0,5.0,97.84000000000003,59.13655172413801,7
891,13.0,7.0,95.20000000000005,33.82620689655173,7
892,14.0,1.0,76.96000000000012,21.274482758620696,7
893,14.0,2.0,93.6,56.689655172413794,7
894,14.0,5.0,97.84000000000003,62.422068965517326,7
895,14.0,7.0,95.20000000000005,34.28689655172415,7
896,15.0,1.0,81.6,16.683870967741935,7
897,15.0,2.0,93.6,54.58064516129031,7
898,15.0,5.0,97.84000000000003,65.37548387096783,7
899,15.0,7.0,95.20000000000005,34.90580645161292,7
900,16.0,1.0,81.6,22.761290322580646,7
901,16.0,2.0,93.6,59.39354838709678,7
902,16.0,5.0,97.84000000000003,63.11225806451623,7
903,16.0,7.0,95.20000000000005,29.96387096774194,7
904,17.0,1.0,81.6,23.92258064516129,7
905,17.0,2.0,96.0,55.90967741935484,7
906,17.0,5.0,97.84000000000003,70.33806451612911,7
907,17.0,7.0,95.20000000000005,40.756129032258066,7
908,18.0,1.0,81.6,27.406451612903226,7
909,18.0,2.0,96.0,61.264516129032266,7
910,18.0,5.0,97.84000000000003,76.42322580645167,7
911,18.0,7.0,95.20000000000005,40.62193548387099,7
912,19.0,1.0,81.6,27.6,7
913,19.0,2.0,96.0,64.19354838709678,7
914,19.0,5.0,97.84000000000003,77.45548387096783,7
915,19.0,7.0,95.20000000000005,34.381935483870976,7
916,20.0,1.0,81.6,27.988235294117647,7
917,20.0,2.0,96.0,66.04705882352943,7
918,20.0,5.0,97.84000000000003,74.62823529411772,7
919,20.0,7.0,96.88000000000002,37.96705882352941,7
920,21.0,1.0,81.6,23.929411764705883,7
921,21.0,2.0,96.0,58.49411764705882,7
922,21.0,5.0,97.84000000000003,73.85647058823537,7
923,21.0,7.0,96.88000000000002,37.43764705882353,7
924,22.0,1.0,81.6,22.870588235294118,7
925,22.0,2.0,96.0,70.02352941176471,7
926,22.0,5.0,97.84000000000003,70.31294117647066,7
927,22.0,7.0,96.88000000000002,30.30352941176471,7
928,23.0,1.0,81.6,22.51764705882353,7
929,23.0,2.0,96.0,51.08235294117647,7
930,23.0,5.0,97.84000000000003,68.76941176470596,7
931,23.0,7.0,96.88000000000002,40.075294117647076,7
932,24.0,1.0,81.6,28.16470588235294,7
933,24.0,2.0,96.0,61.811764705882354,7
934,24.0,5.0,97.84000000000003,75.94117647058832,7
935,24.0,7.0,96.88000000000002,39.34117647058826,7
936,25.0,1.0,100.0,25.027027027027028,7
937,25.0,2.0,96.0,61.286486486486496,7
938,25.0,5.0,97.84000000000003,74.97513513513522,7
939,25.0,7.0,96.88000000000002,33.48540540540541,7
940,26.0,1.0,100.0,22.324324324324323,7
941,26.0,2.0,96.0,69.44864864864864,7
942,26.0,5.0,97.84000000000003,76.20324324324334,7
943,26.0,7.0,96.88000000000002,36.76756756756758,7
944,27.0,1.0,100.0,25.57837837837838,7
945,27.0,2.0,96.0,62.908108108108095,7
946,27.0,5.0,97.84000000000003,71.88756756756764,7
947,27.0,7.0,96.88000000000002,34.32000000000001,7
948,28.0,1.0,100.0,22.27027027027027,7
949,28.0,2.0,96.0,68.8756756756757,7
950,28.0,5.0,97.84000000000003,67.1654054054055,7
951,28.0,7.0,96.88000000000002,45.13729729729731,7
952,29.0,1.0,100.0,18.43243243243243,7
953,29.0,2.0,96.0,64.35675675675675,7
954,29.0,5.0,97.84000000000003,80.56864864864872,7
955,29.0,7.0,96.88000000000002,44.67459459459462,7
956,30.0,1.0,100.0,21.25,7
957,30.0,2.0,96.0,54.65,7
958,30.0,5.0,97.84000000000003,77.56600000000006,7
959,30.0,7.0,96.88000000000002,41.734,7
960,1.0,1.0,30.0,5.28,8
961,1.0,2.0,88.0,23.616,8
962,1.0,5.0,94.96000000000005,37.654400000000074,8
963,1.0,7.0,76.72000000000011,20.537600000000012,8
964,2.0,1.0,100.0,10.0,8
965,2.0,2.0,88.0,24.88,8
966,2.0,5.0,96.88000000000002,43.67040000000008,8
967,2.0,7.0,76.72000000000011,35.708800000000004,8
968,3.0,1.0,100.0,11.44,8
969,3.0,2.0,88.0,32.832,8
970,3.0,5.0,96.88000000000002,50.297600000000095,8
971,3.0,7.0,76.72000000000011,27.308800000000005,8
972,4.0,1.0,100.0,10.0,8
973,4.0,2.0,92.0,33.744,8
974,4.0,5.0,96.88000000000002,53.09440000000008,8
975,4.0,7.0,76.72000000000011,36.406400000000005,8
976,5.0,1.0,100.0,13.481481481481481,8
977,5.0,2.0,92.0,39.822222222222216,8
978,5.0,5.0,96.88000000000002,60.13333333333343,8
979,5.0,7.0,76.72000000000011,44.02074074074077,8
980,6.0,1.0,100.0,11.25925925925926,8
981,6.0,2.0,92.0,62.74074074074074,8
982,6.0,5.0,96.88000000000002,61.13777777777787,8
983,6.0,7.0,76.72000000000011,41.79851851851855,8
984,7.0,1.0,100.0,10.37037037037037,8
985,7.0,2.0,92.0,57.03703703703704,8
986,7.0,5.0,96.88000000000002,57.463703703703786,8
987,7.0,7.0,76.72000000000011,40.42666666666669,8
988,8.0,1.0,100.0,15.703703703703704,8
989,8.0,2.0,93.6,63.43703703703704,8
990,8.0,5.0,96.88000000000002,60.960000000000086,8
991,8.0,7.0,76.72000000000011,41.262222222222235,8
992,9.0,1.0,100.0,11.925925925925926,8
993,9.0,2.0,93.6,48.53333333333334,8
994,9.0,5.0,96.88000000000002,62.524444444444526,8
995,9.0,7.0,81.28000000000013,42.63111111111113,8
996,10.0,1.0,100.0,16.275862068965516,8
997,10.0,2.0,93.6,50.64827586206897,8
998,10.0,5.0,96.88000000000002,57.622068965517336,8
999,10.0,7.0,81.28000000000013,37.73241379310346,8
1000,11.0,1.0,100.0,15.241379310344827,8
1001,11.0,2.0,93.6,56.24827586206896,8
1002,11.0,5.0,96.88000000000002,64.56275862068972,8
1003,11.0,7.0,81.28000000000013,45.555862068965546,8
1004,12.0,1.0,100.0,16.689655172413794,8
1005,12.0,2.0,93.6,61.6551724137931,8
1006,12.0,5.0,96.88000000000002,57.66344827586217,8
1007,12.0,7.0,81.28000000000013,47.415172413793115,8
1008,13.0,1.0,100.0,17.724137931034484,8
1009,13.0,2.0,93.6,56.11034482758621,8
1010,13.0,5.0,96.88000000000002,72.74206896551732,8
1011,13.0,7.0,81.28000000000013,38.653793103448294,8
1012,14.0,1.0,100.0,17.103448275862068,8
1013,14.0,2.0,93.6,50.220689655172414,8
1014,14.0,5.0,96.88000000000002,66.12689655172423,8
1015,14.0,7.0,81.28000000000013,39.026206896551756,8
1016,15.0,1.0,100.0,24.516129032258064,8
1017,15.0,2.0,93.6,45.44516129032259,8
1018,15.0,5.0,96.88000000000002,68.923870967742,8
1019,15.0,7.0,81.28000000000013,40.84129032258066,8
1020,16.0,1.0,100.0,24.06451612903226,8
1021,16.0,2.0,93.6,53.470967741935475,8
1022,16.0,5.0,96.88000000000002,59.037419354838775,8
1023,16.0,7.0,81.28000000000013,46.621935483871,8
1024,17.0,1.0,100.0,31.35483870967742,8
1025,17.0,2.0,93.6,68.74838709677418,8
1026,17.0,5.0,96.88000000000002,58.48258064516136,8
1027,17.0,7.0,81.28000000000013,43.52258064516131,8
1028,18.0,1.0,100.0,23.93548387096774,8
1029,18.0,2.0,93.6,54.20645161290322,8
1030,18.0,5.0,96.88000000000002,72.37161290322588,8
1031,18.0,7.0,81.28000000000013,51.02193548387099,8
1032,19.0,1.0,100.0,25.870967741935484,8
1033,19.0,2.0,93.6,50.0258064516129,8
1034,19.0,5.0,96.88000000000002,73.76774193548397,8
1035,19.0,7.0,92.80000000000007,47.950967741935514,8
1036,20.0,1.0,100.0,21.294117647058822,8
1037,20.0,2.0,93.6,59.69411764705882,8
1038,20.0,5.0,96.88000000000002,65.04941176470595,8
1039,20.0,7.0,92.80000000000007,47.47529411764708,8
1040,21.0,1.0,100.0,23.941176470588236,8
1041,21.0,2.0,93.6,60.247058823529414,8
1042,21.0,5.0,96.88000000000002,63.576470588235374,8
1043,21.0,7.0,92.80000000000007,46.41882352941179,8
1044,22.0,1.0,100.0,22.529411764705884,8
1045,22.0,2.0,93.6,56.83529411764706,8
1046,22.0,5.0,96.88000000000002,64.37411764705892,8
1047,22.0,7.0,92.80000000000007,40.3694117647059,8
1048,23.0,1.0,100.0,25.11764705882353,8
1049,23.0,2.0,93.6,61.98823529411764,8
1050,23.0,5.0,96.88000000000002,63.17176470588244,8
1051,23.0,7.0,92.80000000000007,48.167058823529445,8
1052,24.0,1.0,100.0,26.58823529411765,8
1053,24.0,2.0,93.6,63.905882352941184,8
1054,24.0,5.0,96.88000000000002,68.43529411764716,8
1055,24.0,7.0,92.80000000000007,40.082352941176495,8
1056,25.0,1.0,100.0,21.83783783783784,8
1057,25.0,2.0,93.6,62.95135135135135,8
1058,25.0,5.0,96.88000000000002,62.04756756756765,8
1059,25.0,7.0,92.80000000000007,40.774054054054076,8
1060,26.0,1.0,100.0,17.135135135135137,8
1061,26.0,2.0,93.6,56.89729729729731,8
1062,26.0,5.0,96.88000000000002,60.98594594594604,8
1063,26.0,7.0,92.80000000000007,46.06270270270273,8
1064,27.0,1.0,100.0,20.216216216216218,8
1065,27.0,2.0,93.6,58.172972972972964,8
1066,27.0,5.0,96.88000000000002,62.255135135135234,8
1067,27.0,7.0,92.80000000000007,40.95135135135138,8
1068,28.0,1.0,100.0,18.10810810810811,8
1069,28.0,2.0,93.6,59.91351351351352,8
1070,28.0,5.0,96.88000000000002,65.89621621621632,8
1071,28.0,7.0,92.80000000000007,45.742702702702736,8
1072,29.0,1.0,100.0,16.64864864864865,8
1073,29.0,2.0,93.6,56.52972972972973,8
1074,29.0,5.0,96.88000000000002,72.13621621621631,8
1075,29.0,7.0,92.80000000000007,48.384864864864895,8
1076,30.0,1.0,100.0,19.9,8
1077,30.0,2.0,93.6,59.67999999999999,8
1078,30.0,5.0,96.88000000000002,69.37600000000009,8
1079,30.0,7.0,92.80000000000007,53.84400000000003,8
1080,1.0,1.0,18.0,3.36,9
1081,1.0,2.0,86.4,27.36,9
1082,1.0,5.0,92.80000000000007,38.86720000000008,9
1083,1.0,7.0,54.0,9.84,9
1084,2.0,1.0,18.0,4.56,9
1085,2.0,2.0,86.4,34.4,9
1086,2.0,5.0,92.80000000000007,44.75200000000009,9
1087,2.0,7.0,54.0,14.64,9
1088,3.0,1.0,30.0,6.24,9
1089,3.0,2.0,86.4,33.632000000000005,9
1090,3.0,5.0,94.00000000000006,54.444800000000086,9
1091,3.0,7.0,66.1600000000001,29.292800000000007,9
1092,4.0,1.0,36.0,6.72,9
1093,4.0,2.0,91.2,38.144,9
1094,4.0,5.0,97.84000000000003,61.19680000000011,9
1095,4.0,7.0,66.1600000000001,21.606400000000004,9
1096,5.0,1.0,36.0,12.666666666666666,9
1097,5.0,2.0,91.2,50.044444444444444,9
1098,5.0,5.0,97.84000000000003,76.7200000000001,9
1099,5.0,7.0,86.32000000000014,32.97481481481482,9
1100,6.0,1.0,36.0,10.222222222222221,9
1101,6.0,2.0,91.2,56.77037037037036,9
1102,6.0,5.0,97.84000000000003,65.97037037037046,9
1103,6.0,7.0,86.32000000000014,30.530370370370377,9
1104,7.0,1.0,36.0,17.77777777777778,9
1105,7.0,2.0,91.2,53.614814814814814,9
1106,7.0,5.0,97.84000000000003,79.20888888888898,9
1107,7.0,7.0,86.32000000000014,33.33925925925927,9
1108,8.0,1.0,42.0,12.666666666666666,9
1109,8.0,2.0,91.2,56.94814814814814,9
1110,8.0,5.0,97.84000000000003,78.86814814814824,9
1111,8.0,7.0,86.32000000000014,31.419259259259267,9
1112,9.0,1.0,42.0,15.777777777777779,9
1113,9.0,2.0,91.2,43.43703703703704,9
1114,9.0,5.0,97.84000000000003,84.87111111111119,9
1115,9.0,7.0,86.32000000000014,28.59259259259261,9
1116,10.0,1.0,42.0,15.931034482758621,9
1117,10.0,2.0,91.2,58.49655172413794,9
1118,10.0,5.0,97.84000000000003,83.0206896551725,9
1119,10.0,7.0,95.68000000000004,30.195862068965518,9
1120,11.0,1.0,42.0,15.931034482758621,9
1121,11.0,2.0,91.2,53.61379310344827,9
1122,11.0,5.0,97.84000000000003,73.71862068965527,9
1123,11.0,7.0,95.68000000000004,34.09931034482759,9
1124,12.0,1.0,42.0,17.79310344827586,9
1125,12.0,2.0,92.80000000000001,53.282758620689656,9
1126,12.0,5.0,97.84000000000003,71.41793103448286,9
1127,12.0,7.0,95.68000000000004,36.19586206896552,9
1128,13.0,1.0,42.0,19.820689655172412,9
1129,13.0,2.0,92.80000000000001,51.64137931034483,9
1130,13.0,5.0,97.84000000000003,69.34896551724147,9
1131,13.0,7.0,95.68000000000004,36.40275862068966,9
1132,14.0,1.0,42.0,19.24137931034483,9
1133,14.0,2.0,92.80000000000001,60.027586206896544,9
1134,14.0,5.0,97.84000000000003,74.32000000000008,9
1135,14.0,7.0,95.68000000000004,32.05793103448276,9
1136,15.0,1.0,42.0,20.129032258064516,9
1137,15.0,2.0,92.80000000000001,67.14838709677419,9
1138,15.0,5.0,97.84000000000003,75.42709677419367,9
1139,15.0,7.0,95.68000000000004,36.95741935483871,9
1140,16.0,1.0,42.0,19.93548387096774,9
1141,16.0,2.0,92.80000000000001,51.277419354838706,9
1142,16.0,5.0,97.84000000000003,78.66322580645172,9
1143,16.0,7.0,95.68000000000004,31.34451612903226,9
1144,17.0,1.0,42.0,17.806451612903224,9
1145,17.0,2.0,92.80000000000001,48.0516129032258,9
1146,17.0,5.0,97.84000000000003,82.52129032258075,9
1147,17.0,7.0,95.68000000000004,36.97032258064517,9
1148,18.0,1.0,42.0,20.903225806451612,9
1149,18.0,2.0,92.80000000000001,47.53548387096774,9
1150,18.0,5.0,97.84000000000003,77.8916129032259,9
1151,18.0,7.0,95.68000000000004,33.491612903225814,9
1152,19.0,1.0,42.0,24.0,9
1153,19.0,2.0,92.80000000000001,53.329032258064515,9
1154,19.0,5.0,97.84000000000003,77.7006451612904,9
1155,19.0,7.0,95.68000000000004,38.32516129032258,9
1156,20.0,1.0,92.80000000000007,21.258823529411767,9
1157,20.0,2.0,92.80000000000001,52.5529411764706,9
1158,20.0,5.0,97.84000000000003,71.92941176470596,9
1159,20.0,7.0,95.68000000000004,40.477647058823536,9
1160,21.0,1.0,92.80000000000007,24.788235294117648,9
1161,21.0,2.0,92.80000000000001,52.89411764705883,9
1162,21.0,5.0,97.84000000000003,68.84941176470596,9
1163,21.0,7.0,95.68000000000004,37.60235294117648,9
1164,22.0,1.0,100.0,22.352941176470587,9
1165,22.0,2.0,92.80000000000001,55.71764705882353,9
1166,22.0,5.0,98.08000000000001,72.6635294117648,9
1167,22.0,7.0,95.68000000000004,35.05411764705883,9
1168,23.0,1.0,100.0,21.647058823529413,9
1169,23.0,2.0,92.80000000000001,57.11764705882353,9
1170,23.0,5.0,98.08000000000001,69.77176470588243,9
1171,23.0,7.0,95.68000000000004,32.225882352941184,9
1172,24.0,1.0,100.0,20.058823529411764,9
1173,24.0,2.0,92.80000000000001,58.69411764705882,9
1174,24.0,5.0,98.08000000000001,74.8141176470589,9
1175,24.0,7.0,95.68000000000004,38.43764705882353,9
1176,25.0,1.0,100.0,21.35135135135135,9
1177,25.0,2.0,92.80000000000001,56.940540540540546,9
1178,25.0,5.0,98.08000000000001,71.77729729729737,9
1179,25.0,7.0,95.68000000000004,40.57297297297298,9
1180,26.0,1.0,100.0,24.10810810810811,9
1181,26.0,2.0,92.80000000000001,65.28648648648647,9
1182,26.0,5.0,98.08000000000001,69.92432432432442,9
1183,26.0,7.0,95.68000000000004,35.63675675675676,9
1184,27.0,1.0,100.0,23.45945945945946,9
1185,27.0,2.0,92.80000000000001,66.15135135135137,9
1186,27.0,5.0,98.08000000000001,77.17405405405414,9
1187,27.0,7.0,95.68000000000004,34.892972972972984,9
1188,28.0,1.0,100.0,21.675675675675677,9
1189,28.0,2.0,92.80000000000001,59.85945945945945,9
1190,28.0,5.0,98.08000000000001,71.34054054054063,9
1191,28.0,7.0,95.68000000000004,31.612972972972976,9
1192,29.0,1.0,100.0,23.794594594594592,9
1193,29.0,2.0,93.6,69.17837837837838,9
1194,29.0,5.0,98.08000000000001,76.04756756756765,9
1195,29.0,7.0,96.40000000000003,41.638918918918925,9
1196,30.0,1.0,100.0,22.85,9
1197,30.0,2.0,93.6,57.010000000000005,9
1198,30.0,5.0,98.08000000000001,71.58800000000008,9
1199,30.0,7.0,96.40000000000003,41.61200000000001,9
